{
  "Name": "{Res_ArtifactsUpgrade}",
  "Action": {
    "Actions": [
      {
        "Type": "ArtifactsUpgrade.Upgrade",
        "Description": "",
        "Parameters": [
          {
            "Type": "UpgradeLeg",
            "Description": "{Res_UpgradeLeg}",
            "IsConfigurable": true,
            "Parameter": "12",
            "ListOfParameters": [ "No", "1", "4", "8", "12", "16" ],
            "EnabledAlways": true
          },
          {
            "Type": "UpgradeEpic",
            "Description": "{Res_UpgradeEpic}",
            "IsConfigurable": true,
            "Parameter": "12",
            "ListOfParameters": [ "No", "1", "4", "8", "12", "16" ],
            "EnabledAlways": true
          },
          {
            "Type": "UpgradeRar",
            "Description": "{Res_UpgradeRar}",
            "IsConfigurable": true,
            "Parameter": "12",
            "ListOfParameters": [ "No", "1", "4", "8", "12", "16" ],
            "EnabledAlways": true
          },
          {
            "Type": "CountOfArt",
            "Description": "{Res_UpCountOfArt}",
            "IsConfigurable": true,
            "Parameter": "1000",
            "EnabledAlways": true
          }
        ],
        "Conditions": [
          {
            "Type": "Wait",
            "Condition": "1000"
          }
        ]
      }
    ]
  }
}
