{"FileName":"Scenarios\\ArtifactsUpgrade.json","Name":"{Res_ArtifactsUpgrade}","Action":{"Id":"3b3c5ca3-d102-443e-9974-937be7b94cdc","Type":null,"IsEnabled":true,"Description":null,"Parameters":[],"Conditions":[],"Actions":[{"Id":"4d71f4f7-1f96-4573-98d3-eab7a1f13022","Type":"ArtifactsUpgrade.Upgrade","IsEnabled":true,"Description":"","Parameters":[{"Type":"UpgradeLeg","Description":"{Res_UpgradeLeg}","IsConfigurable":true,"Parameter":"1","ListOfParameters":["No","1","4","8","12","16"],"IsEnabled":true},{"Type":"UpgradeEpic","Description":"{Res_UpgradeEpic}","IsConfigurable":true,"Parameter":"1","ListOfParameters":["No","1","4","8","12","16"],"IsEnabled":true},{"Type":"UpgradeRar","Description":"{Res_UpgradeRar}","IsConfigurable":true,"Parameter":"1","ListOfParameters":["No","1","4","8","12","16"],"IsEnabled":true},{"Type":"CountOfArt","Description":"{Res_UpCountOfArt}","IsConfigurable":true,"Parameter":"1","ListOfParameters":null,"IsEnabled":true}],"Conditions":[{"Id":"5d520548-ac18-4924-9706-b19fe63c0cdb","Type":"Wait","Condition":"1000","Description":null,"IsConfigurable":false,"IsEnabled":true,"EnabledAlways":true,"IsLogging":false}],"Actions":[]}]}}