{
  "Name": "{Res_Dungeons}",
  "Action": {
    "Actions": [
      {
        "Type": "BaseAction.Init",
        "Parameters": [
          {
            "Type": "RepeatTimes",
            "Description": "{Res_RepeatTimesFight}",
            "Parameter": "10",
            "IsConfigurable": true,
            "IsEnabled": true
          },
          {
            "Type": "BuyEnergy",
            "Description": "{Res_EnergyBuyTimes}",
            "Parameter": "10",
            "IsConfigurable": true,
            "IsEnabled": false
          },
          {
            "Type": "OnlyCurrentEnergy",
            "Description": "{Res_OnlyCurrentEnergy}",
            "Parameter": "True",
            "IsConfigurable": true,
            "IsEnabled": false
          }
        ]
      },
      {
        "Type": "Cycle",
        "Conditions": [
          {
            "Type": "Wait",
            "Condition": "3000"
          },
          {
            "Type": "WaitWindow",
            "Condition": "Dungeon.2000"
          }
        ],
        "Actions": [
          {
            "Type": "Dungeon.SellArt",
            "Description": "{Res_TryingSellArtifact}",
            "Parameters": [
              {
                "Type": "SellRar",
                "Description": "{Res_SellRar}",
                "IsConfigurable": true,
                "Parameter": "Depends",
                "EnabledAlways": false
              },
              {
                "Type": "SellEpic",
                "Description": "{Res_SellEpic}",
                "IsConfigurable": true,
                "Parameter": "Depends",
                "EnabledAlways": false
              },
              {
                "Type": "OnlySpd",
                "Description": "{Res_OnlySpd}",
                "IsConfigurable": true,
                "Parameter": "True",
                "EnabledAlways": false
              }
            ],
            "Conditions": [
              {
                "Type": "IsEnabled",
                "Condition": "True",
                "IsConfigurable": true,
                "Description": "{Res_IsSellArt}",
                "EnabledAlways": false
              },
              {
                "Type": "Wait",
                "Condition": "1000"
              }
            ]
          },
          {
            "Type": "Dungeon.RunAgain",
            "Description": "{Res_StartNewFight}",
            "Parameters": [
              {
                "Type": "Numbering",
                "Parameter": "RunFight"
              }
            ]
          }
        ]
      }
    ]
  }
}
