{
  "Name": "{Res_Food}",
  "Action": {
    "Actions": [
      {
        "Type": "BaseAction.Init",
        "Parameters": [
          {
            "Type": "RepeatTimes",
            "Description": "{Res_RepeatTimesFight}",
            "Parameter": "10",
            "IsConfigurable": true,
            "IsEnabled": true
          },
          {
            "Type": "BuyEnergy",
            "Description": "{Res_EnergyBuyTimes}",
            "Parameter": "10",
            "IsConfigurable": true,
            "IsEnabled": false
          },
          {
            "Type": "OnlyCurrentEnergy",
            "Description": "{Res_OnlyCurrentEnergy}",
            "Parameter": "True",
            "IsConfigurable": true,
            "IsEnabled": false
          }
        ]
      },
      {
        "Type": "Cycle",
        "Conditions": [
          {
            "Type": "Wait",
            "Condition": "3000"
          },
          {
            "Type": "WaitWindow",
            "Condition": "SulfurWayResult.2000"
          }
        ],
        "Actions": [
          {
            "Type": "SulfurWayResult.SellArt",
            "Description": "{Res_TryingSellArtifact}",
            "Conditions": [
              {
                "Type": "IsEnabled",
                "Condition": "True",
                "IsConfigurable": true,
                "EnabledAlways": false,
                "Description": "{Res_IsSellArt}"
              },
              {
                "Type": "Wait",
                "Condition": "1000"
              }
            ]
          },
          {
            "Type": "SulfurWayResult.CheckMaxChamp",
            "Conditions": [
              {
                "Type": "IsEnabled",
                "Condition": "True",
                "IsConfigurable": true,
                "EnabledAlways": false,
                "Default": "True",
                "Description": "{Res_IsCheckMaxChamp}"
              }
            ],
            "Actions": [
              {
                "Type": "BaseAction.SendStatus",
                "Parameters": [
                  {
                    "Type": "Message",
                    "Parameter": "{Res_BeforeChampReplace}"
                  },
                  {
                    "Type": "SendImage",
                    "Description": "{Res_SendImage}",
                    "IsConfigurable": true,
                    "Parameter": "True"
                  }
                ]
              },
              {
                "Type": "BaseAction.StopExecution",
                "Description": "{Res_StopDueMaxChamp}",
                "Conditions": [
                  {
                    "Type": "IsEnabled",
                    "Condition": "False",
                    "IsConfigurable": true,
                    "EnabledAlways": false,
                    "Default": "True",
                    "Description": "{Res_IsStopMaxChamp}"
                  }
                ]
              },
              {
                "Type": "SulfurWayResult.EditChamp",
                "Description": "{Res_ReplacingChamp}"
              },
              {
                "Type": "EditChamp.OrderByLevel",
                "Conditions": [
                  {
                    "Type": "Wait",
                    "Condition": "2000"
                  }
                ]
              },
              { "Type": "EditChamp.EmptyMaxedHeroes" },
              { "Type": "EditChamp.MoveHeroesLeft" },
              { "Type": "EditChamp.SelectNewHeroes" },
              {
                "Type": "EditChamp.RunFight",
                "Description": "{Res_StartNewFight}"
              }
            ]
          },
          {
            "Type": "SulfurWayResult.EditChamp",
            "Description": "{Res_ReplacingChamp}",
            "Conditions": [
              {
                "Type": "IsEnabled",
                "Condition": "False",
                "Default": "False",
                "IsConfigurable": true,
                "Description": "{Res_IsFoodTournament}",
                "IsEnabled": true,
                "EnabledAlways": false
              },
              {
                "Type": "CommandResult.SulfurWayResult.CheckMaxChamp",
                "Condition": "False"
              }
            ],
            "Actions": [
              {
                "Type": "EditChamp.OrderByLevel",
                "Conditions": [
                  {
                    "Type": "Wait",
                    "Condition": "2000"
                  }
                ]
              },
              {
                "Type": "EditChamp.EmptyMaxedHeroes",
                "Parameters": [
                  {
                    "Type": "All",
                    "Parameter": "True"
                  }
                ]
              },
              { "Type": "EditChamp.MoveHeroesLeft" },
              { "Type": "EditChamp.SelectNewHeroes" },
              {
                "Type": "EditChamp.RunFight",
                "Description": "{Res_StartNewFight}",
                "Parameters": [
                  {
                    "Type": "Numbering",
                    "Parameter": "RunFight"
                  }
                ]
              }
            ]
          },
          {
            "Type": "SulfurWayResult.RunAgain",
            "Description": "{Res_StartNewFight}",
            "Parameters": [
              {
                "Type": "Numbering",
                "Parameter": "RunFight"
              }
            ],
            "Conditions": [
              {
                "Type": "CommandResult.EditChamp.RunFight",
                "Condition": "false"
              }
            ]
          }
        ]
      }
    ]
  }
}
