{
  "Name": "{Res_Minotaur}",
  "Action": {
    "Actions": [
      {
        "Type": "BaseAction.Init",
        "Parameters": [
          {
            "Type": "RepeatTimes",
            "Description": "{Res_RepeatTimesFight}",
            "Parameter": "10",
            "IsConfigurable": true,
            "IsEnabled": true
          },
          {
            "Type": "BuyEnergy",
            "Description": "{Res_EnergyBuyTimes}",
            "Parameter": "10",
            "IsConfigurable": true,
            "IsEnabled": false
          },
          {
            "Type": "OnlyCurrentEnergy",
            "Description": "{Res_OnlyCurrentEnergy}",
            "Parameter": "True",
            "IsConfigurable": true,
            "IsEnabled": false
          }
        ]
      },
      {
        "Type": "Cycle",
        "Conditions": [
          {
            "Type": "Wait",
            "Condition": "3000"
          },
          {
            "Type": "WaitWindow",
            "Condition": "Minotaur.2000"
          },
          {
            "Type": "Wait",
            "Condition": "3000"
          }
        ],
        "Actions": [
          {
            "Type": "Minotaur.RunAgain",
            "Description": "{Res_StartNewFight}",
            "Parameters": [
              {
                "Type": "MaxScrolls",
                "Description": "{Res_HowManyScrolls}",
                "IsConfigurable": true,
                "Parameter": "All Divine",
                "ListOfParameters": [ "All Divine", "600 Divine", "All Advanced", "All Basic" ],
                "EnabledAlways": false
              }
            ]
          },
          {
            "Type": "BaseAction.StopExecution",
            "Conditions": [
              {
                "Type": "CommandResult.Minotaur.RunAgain",
                "Condition": "false"
              }
            ]
          }
        ]
      }
    ]
  }
}
