﻿<?xml version='1.0'?>
<Obfuscator>
  <Var name="InPath" value=".\bin\result\netcoreapp3.1" />
  <Var name="OutPath" value=".\bin\result\netcoreapp3.1\obf" />
  <Var name="KeyFile" value=".\raid.snk" />

  <Var name="KeepPublicApi" value="false" />
  <Var name="HidePrivateApi" value="true" />
  <Var name="RenameProperties" value="true" />
  <Var name="RenameEvents" value="true" />
  <Var name="RenameFields" value="true" />
  <Var name="UseUnicodeNames" value="true" />
  <Var name="HideStrings" value="true" />
  <Var name="OptimizeMethods" value="true" />
  <Var name="SuppressIldasm" value="true" />

  <Module file="$(InPath)\RaidBot.dll">
    <SkipNamespace name="RaidBot"/>
    <SkipNamespace name="System.Windows.Markup"/>
    <SkipNamespace name="System.Xaml"/>
    <SkipNamespace name="System.Collections.ObjectModel"/>
    <SkipNamespace name="System.Windows.Controls"/>


    <SkipType name="RaidBot.App" />
    <SkipType name="RaidBot.MainWindow" />
    <SkipType name="RaidBot.RaidSettingsWindows" />
    <SkipType name="RaidBot.TelegramNumberWaiter" />
   
  </Module>

  <Module file="$(InPath)\RaidBot.Core.dll">
    <SkipType name="RaidBot.Core.Models.Scenario" />
    <SkipType name="RaidBot.Core.RootInit" />
    <SkipNamespace name="RaidBot.Core.Models" />
  </Module>

  <Module file="$(InPath)\RaidBot.Resources.Ukr.dll" >
    <SkipNamespace name="RaidBot.Resources.Ukr"/>
  </Module>

  <Module file="$(InPath)\RaidBot.Resources.Eng.dll" >
    <SkipNamespace name="RaidBot.Resources.Eng"/>
  </Module>
 
</Obfuscator>
